{
  "metadata": {
    "label": "pybind11",
    "python_runs": 10,
    "cpp_runs": 5,
    "timestamp": "2026-03-02 23:44:51"
  },
  "python": {
    "benchmark_brachistochrone.py": {
      "mean": 0.00532062080455944,
      "std": 0.0033516159175890187
    },
    "benchmark_bryson_denham.py": {
      "mean": 0.012411987499217503,
      "std": 0.0006010860783507909
    },
    "benchmark_vanderpol.py": {
      "mean": 0.016610924998531118,
      "std": 0.0005338103071838323
    },
    "benchmark_zermelo.py": {
      "mean": 0.021447249903576448,
      "std": 0.0002925076966357684
    },
    "benchmark_dionysus.py": {
      "mean": 0.21109111250261775,
      "std": 0.0007941482504697163
    }
  },
  "cpp": {
    "brachistochrone_bench": {
      "mean": 0.007299342,
      "std": 0.00017243543318007482
    }
  },
  "compile": {
    "mean_s": 461.858,
    "std_s": 0.0,
    "trials": [
      461.8580018329958
    ]
  },
  "binary_sizes": {
    "_tycho.so": 63389312,
    "_tycho.so_path": "/Users/granthec/Source/tycho/build/src/Bindings/_tycho.cpython-313-darwin.so",
    "brachistochrone_bench": 12106184,
    "brachistochrone_bench_path": "/Users/granthec/Source/tycho/build/examples/cpp_examples/brachistochrone/brachistochrone_bench"
  }
}