{
  "metadata": {
    "label": "nanobind-Os",
    "python_runs": 10,
    "cpp_runs": 5,
    "timestamp": "2026-03-03 21:22:27"
  },
  "python": {
    "benchmark_brachistochrone.py": {
      "mean": 0.005112845901749097,
      "std": 0.0025174230053710777
    },
    "benchmark_bryson_denham.py": {
      "mean": 0.013800958392675967,
      "std": 0.0003484641988902562
    },
    "benchmark_vanderpol.py": {
      "mean": 0.013395708298776298,
      "std": 0.0002897816595979263
    },
    "benchmark_zermelo.py": {
      "mean": 0.02160818350093905,
      "std": 0.00018440165588436418
    },
    "benchmark_dionysus.py": {
      "mean": 0.21880056660156696,
      "std": 0.0009849955861199462
    }
  },
  "cpp": {
    "brachistochrone_bench": {
      "mean": 0.00781156,
      "std": 0.0005860297083254395
    }
  },
  "binary_sizes": {
    "_tycho.so": 51398976,
    "_tycho.so_path": "/Users/granthec/Source/tycho/build/src/Bindings/_tycho.cpython-313-darwin.so",
    "brachistochrone_bench": 12182728,
    "brachistochrone_bench_path": "/Users/granthec/Source/tycho/build/examples/cpp_examples/brachistochrone/brachistochrone_bench"
  }
}